{"v":"5.5.7","meta":{"g":"LottieFiles AE 0.1.20","a":"","k":"","d":"","tc":"#FFFFFF"},"fr":30,"ip":0,"op":211,"w":1280,"h":1024,"nm":"questions new 2","ddd":0,"assets":[{"id":"comp_0","layers":[{"ddd":0,"ind":1,"ty":4,"nm":"Layer 4 Outlines","sr":1,"ks":{"o":{"a":0,"k":100,"ix":11},"r":{"a":0,"k":0,"ix":10},"p":{"a":0,"k":[625.283,440.299,0],"ix":2},"a":{"a":0,"k":[248.855,127.048,0],"ix":1},"s":{"a":0,"k":[100,100,100],"ix":6}},"ao":0,"shapes":[{"ty":"gr","it":[{"ind":0,"ty":"sh","ix":1,"ks":{"a":0,"k":{"i":[[0,-10.355],[9.389,0],[0,10.355],[-9.389,0]],"o":[[0,10.355],[-9.389,0],[0,-10.355],[9.389,0]],"v":[[17,0],[0,18.75],[-17,0],[0,-18.75]],"c":true},"ix":2},"nm":"Path 1","mn":"ADBE Vector Shape - Group","hd":false},{"ty":"fl","c":{"a":0,"k":[1,1,1,1],"ix":4},"o":{"a":0,"k":100,"ix":5},"r":1,"bm":0,"nm":"Fill 1","mn":"ADBE Vector Graphic - Fill","hd":false},{"ty":"tr","p":{"a":0,"k":[19.572,117.749],"ix":2},"a":{"a":0,"k":[0,0],"ix":1},"s":{"a":0,"k":[100,100],"ix":3},"r":{"a":0,"k":0,"ix":6},"o":{"a":0,"k":100,"ix":7},"sk":{"a":0,"k":0,"ix":4},"sa":{"a":0,"k":0,"ix":5},"nm":"Transform"}],"nm":"Group 1","np":4,"cix":2,"bm":0,"ix":1,"mn":"ADBE Vector Group","hd":false},{"ty":"gr","it":[{"ind":0,"ty":"sh","ix":1,"ks":{"a":0,"k":{"i":[[13.196,-13.195],[-8.166,-8.166],[-13.196,13.195],[8.165,8.166]],"o":[[-13.196,13.196],[8.166,8.166],[13.196,-13.196],[-8.166,-8.166]],"v":[[-14.785,-14.786],[-23.893,23.893],[14.785,14.786],[23.893,-23.893]],"c":true},"ix":2},"nm":"Path 1","mn":"ADBE Vector Shape - Group","hd":false},{"ty":"fl","c":{"a":0,"k":[1,1,1,1],"ix":4},"o":{"a":0,"k":100,"ix":5},"r":1,"bm":0,"nm":"Fill 1","mn":"ADBE Vector Graphic - Fill","hd":false},{"ty":"tr","p":{"a":0,"k":[56.322,63.857],"ix":2},"a":{"a":0,"k":[0,0],"ix":1},"s":{"a":0,"k":[100,100],"ix":3},"r":{"a":0,"k":0,"ix":6},"o":{"a":0,"k":100,"ix":7},"sk":{"a":0,"k":0,"ix":4},"sa":{"a":0,"k":0,"ix":5},"nm":"Transform"}],"nm":"Group 2","np":4,"cix":2,"bm":0,"ix":2,"mn":"ADBE Vector Group","hd":false},{"ty":"gr","it":[{"ind":0,"ty":"sh","ix":1,"ks":{"a":0,"k":{"i":[[-0.442,-0.089],[-0.468,-0.333],[-17.87,14.921],[-0.741,0.068],[0.73,-1.616],[3.541,-2.55],[8.595,-1.037],[3.688,17.475],[-0.543,0.517]],"o":[[0.554,0.111],[18.953,13.448],[0.571,-0.476],[3.543,-0.328],[-1.822,4.036],[-7.044,5.075],[-17.669,2.134],[-0.154,-0.732],[0.332,-0.316]],"v":[[-34.447,-13.407],[-32.844,-12.626],[30.721,-15.083],[32.646,-16.139],[32.762,-4.756],[24.079,5.033],[-0.473,14.333],[-35.921,-10.998],[-35.646,-13.124]],"c":true},"ix":2},"nm":"Path 1","mn":"ADBE Vector Shape - Group","hd":false},{"ty":"fl","c":{"a":0,"k":[1,0.490000017952,0.596000043084,1],"ix":4},"o":{"a":0,"k":100,"ix":5},"r":1,"bm":0,"nm":"Fill 1","mn":"ADBE Vector Graphic - Fill","hd":false},{"ty":"tr","p":{"a":0,"k":[36.438,222.775],"ix":2},"a":{"a":0,"k":[0,0],"ix":1},"s":{"a":0,"k":[100,100],"ix":3},"r":{"a":0,"k":0,"ix":6},"o":{"a":0,"k":100,"ix":7},"sk":{"a":0,"k":0,"ix":4},"sa":{"a":0,"k":0,"ix":5},"nm":"Transform"}],"nm":"Group 3","np":4,"cix":2,"bm":0,"ix":3,"mn":"ADBE Vector Group","hd":false},{"ty":"gr","it":[{"ind":0,"ty":"sh","ix":1,"ks":{"a":0,"k":{"i":[[-1.176,0.458],[-0.446,0.245],[-12.102,1.598],[-7.047,-2.126],[-1.426,7.52],[-19.807,0.605],[-0.199,1.423],[0.717,0.596],[8.111,-2.597],[5.696,-10.142],[0.693,-0.345],[0.961,0.309],[8.611,-0.422],[6.93,-5.131],[2.401,-8.932],[-1.254,-0.999]],"o":[[0.499,-0.194],[10.707,-5.864],[7.278,-0.961],[3.823,1.154],[3.28,-17.314],[1.437,-0.043],[0.13,-0.924],[-6.547,-5.447],[-11.079,3.548],[-0.38,0.675],[-0.905,0.449],[-8.209,-2.64],[-8.613,0.421],[-7.432,5.504],[-0.416,1.548],[0.94,0.748]],"v":[[-54.978,29.634],[-53.547,28.952],[-19.363,16.42],[2.5,17.979],[20.401,21.279],[55.932,-18.927],[59.462,-20.683],[58.128,-23],[34.087,-27.673],[10.099,-3.504],[8.611,-1.769],[5.664,-1.946],[-19.773,-5.796],[-43.943,2.32],[-58.957,25.036],[-58.337,29.522]],"c":true},"ix":2},"nm":"Path 1","mn":"ADBE Vector Shape - Group","hd":false},{"ty":"fl","c":{"a":0,"k":[1,0.490000017952,0.596000043084,1],"ix":4},"o":{"a":0,"k":100,"ix":5},"r":1,"bm":0,"nm":"Fill 1","mn":"ADBE Vector Graphic - Fill","hd":false},{"ty":"tr","p":{"a":0,"k":[276.345,30.52],"ix":2},"a":{"a":0,"k":[0,0],"ix":1},"s":{"a":0,"k":[100,100],"ix":3},"r":{"a":0,"k":0,"ix":6},"o":{"a":0,"k":100,"ix":7},"sk":{"a":0,"k":0,"ix":4},"sa":{"a":0,"k":0,"ix":5},"nm":"Transform"}],"nm":"Group 4","np":4,"cix":2,"bm":0,"ix":4,"mn":"ADBE Vector Group","hd":false},{"ty":"gr","it":[{"ind":0,"ty":"sh","ix":1,"ks":{"a":0,"k":{"i":[[-0.708,-0.473],[-25.485,24.002],[0.033,-0.808],[2.348,37.606]],"o":[[6.074,4.058],[0.588,-0.554],[-1.154,28.586],[-0.053,-0.85]],"v":[[-28.567,-19.041],[28.581,-18.489],[30.13,-17.627],[-30.109,-18.092]],"c":true},"ix":2},"nm":"Path 1","mn":"ADBE Vector Shape - Group","hd":false},{"ty":"fl","c":{"a":0,"k":[1,0.490000017952,0.596000043084,1],"ix":4},"o":{"a":0,"k":100,"ix":5},"r":1,"bm":0,"nm":"Fill 1","mn":"ADBE Vector Graphic - Fill","hd":false},{"ty":"tr","p":{"a":0,"k":[160.905,120.521],"ix":2},"a":{"a":0,"k":[0,0],"ix":1},"s":{"a":0,"k":[100,100],"ix":3},"r":{"a":0,"k":0,"ix":6},"o":{"a":0,"k":100,"ix":7},"sk":{"a":0,"k":0,"ix":4},"sa":{"a":0,"k":0,"ix":5},"nm":"Transform"}],"nm":"Group 5","np":4,"cix":2,"bm":0,"ix":5,"mn":"ADBE Vector Group","hd":false},{"ty":"gr","it":[{"ind":0,"ty":"sh","ix":1,"ks":{"a":0,"k":{"i":[[-0.708,-0.473],[-28.361,18.219],[0.032,-0.808],[3.475,28.688]],"o":[[6.074,4.058],[0.681,-0.437],[-1.154,28.586],[-0.103,-0.846]],"v":[[-28.155,-13.418],[28.218,-15.781],[29.768,-14.919],[-29.696,-12.469]],"c":true},"ix":2},"nm":"Path 1","mn":"ADBE Vector Shape - Group","hd":false},{"ty":"fl","c":{"a":0,"k":[1,0.490000017952,0.596000043084,1],"ix":4},"o":{"a":0,"k":100,"ix":5},"r":1,"bm":0,"nm":"Fill 1","mn":"ADBE Vector Graphic - Fill","hd":false},{"ty":"tr","p":{"a":0,"k":[407.268,104.1],"ix":2},"a":{"a":0,"k":[0,0],"ix":1},"s":{"a":0,"k":[100,100],"ix":3},"r":{"a":0,"k":0,"ix":6},"o":{"a":0,"k":100,"ix":7},"sk":{"a":0,"k":0,"ix":4},"sa":{"a":0,"k":0,"ix":5},"nm":"Transform"}],"nm":"Group 6","np":4,"cix":2,"bm":0,"ix":6,"mn":"ADBE Vector Group","hd":false},{"ty":"gr","it":[{"ind":0,"ty":"sh","ix":1,"ks":{"a":0,"k":{"i":[[-0.593,-0.551],[-31.918,23.568],[-0.054,-0.792],[14.919,-1.059],[-2.347,17.025]],"o":[[4.594,4.269],[0.638,-0.471],[1.117,16.516],[-13.345,0.947],[0.111,-0.801]],"v":[[-27.949,-10.804],[29.252,-14.143],[30.852,-13.421],[2.288,13.667],[-29.622,-10.22]],"c":true},"ix":2},"nm":"Path 1","mn":"ADBE Vector Shape - Group","hd":false},{"ty":"fl","c":{"a":0,"k":[1,0.490000017952,0.596000043084,1],"ix":4},"o":{"a":0,"k":100,"ix":5},"r":1,"bm":0,"nm":"Fill 1","mn":"ADBE Vector Graphic - Fill","hd":false},{"ty":"tr","p":{"a":0,"k":[465.491,239.232],"ix":2},"a":{"a":0,"k":[0,0],"ix":1},"s":{"a":0,"k":[100,100],"ix":3},"r":{"a":0,"k":0,"ix":6},"o":{"a":0,"k":100,"ix":7},"sk":{"a":0,"k":0,"ix":4},"sa":{"a":0,"k":0,"ix":5},"nm":"Transform"}],"nm":"Group 7","np":4,"cix":2,"bm":0,"ix":7,"mn":"ADBE Vector Group","hd":false}],"ip":0,"op":300,"st":0,"bm":0},{"ddd":0,"ind":2,"ty":4,"nm":"Layer 2 Outlines","sr":1,"ks":{"o":{"a":0,"k":100,"ix":11},"r":{"a":0,"k":0,"ix":10},"p":{"a":0,"k":[646.095,496.825,0],"ix":2},"a":{"a":0,"k":[375.372,240.651,0],"ix":1},"s":{"a":0,"k":[100,100,100],"ix":6}},"ao":0,"shapes":[{"ty":"gr","it":[{"ind":0,"ty":"sh","ix":1,"ks":{"a":0,"k":{"i":[[-41.334,17.105],[14.648,-9.459],[-2.756,-32.84],[-59.454,19.056],[-71.144,-6.858],[-4.286,13.714],[-63.429,-2.571],[-0.011,0.163],[-4.888,-1.86],[-20.278,8.238],[-3.942,17.735],[-6.147,-2.34],[-14.843,6.301],[-6.79,8.819],[7.022,3.261],[-24.058,6.307],[-6.832,38.294],[42.833,16.763],[5.659,-5.934],[37.264,26.18],[16.77,-0.912],[1.494,-4.241],[52.285,30],[7.143,-86],[-37.713,-30.857],[18,-17.143],[-6.858,-12.857],[-10.889,-0.165],[-10.48,-3.482],[-2.335,-26.621],[18.522,-12.06],[20.782,10.721],[4.605,-9.859],[13.755,-7.58],[11.288,6.043],[7.704,-24.762],[18.765,-0.402],[8.618,3.788],[5.479,3.954],[7.254,-4.523],[30.133,51.561],[9.586,-6.016],[17.039,7.572],[5.941,4.999],[13.524,6.685],[10.421,-1.067],[14.465,14.312]],"o":[[-15.687,6.492],[-26.899,17.37],[5.057,60.264],[0,0],[0,0],[0,0],[63.227,2.564],[-0.529,7.503],[20.78,7.908],[16.836,-6.839],[-1.838,8.289],[15.841,6.028],[10.227,-4.341],[2.636,-3.424],[22.378,10.391],[39.256,-10.29],[8.176,-45.824],[-5.916,-2.315],[37.102,-38.9],[-13.956,-9.804],[-4.674,0.254],[0.001,-0.002],[0,0],[0,0],[37.714,30.857],[-18,17.142],[6.406,12.011],[11.108,0.168],[22.649,7.525],[1.862,21.225],[-23.145,15.068],[-12.631,-6.517],[-5.982,12.8],[-12.351,6.808],[-17.756,-9.506],[-5.867,18.858],[-9.402,0.201],[-1.343,-0.59],[-6.934,-5],[-21.399,13.338],[-5.71,-9.771],[-13.248,8.313],[-6.385,-2.837],[-11.525,-9.7],[-9.391,-4.641],[-20.243,2.071],[-39.775,-39.358]],"v":[[-284.81,-23.824],[-330.707,-4.141],[-372.366,73.258],[-259.952,153.604],[-183.665,214.462],[-141.665,199.033],[-73.095,237.604],[-7.952,214.462],[14.296,232.493],[82.602,229.145],[118.312,190.792],[137.32,209.363],[187.713,203.243],[213.669,183.463],[224.869,153.48],[295.154,160.11],[366.946,72.977],[309.096,-24.612],[256.908,-36.683],[225.649,-161.804],[178.591,-173.759],[144.619,-167.824],[107.335,-240.401],[125.762,-132.681],[213.586,-140.159],[209.763,-42.681],[188.335,-5.824],[222.71,1.943],[255.878,9.08],[307.477,57.604],[282.033,114.706],[214.264,102.043],[188.747,118.672],[168.226,153.193],[136.616,150.391],[83.762,159.604],[40.686,188.125],[13.066,182.72],[0.366,174.551],[-23.069,173.718],[-117.136,152.195],[-145.056,145.278],[-193.951,153.604],[-211.777,145.228],[-241.146,110.189],[-272.079,109.544],[-328.262,91.257]],"c":true},"ix":2},"nm":"Path 1","mn":"ADBE Vector Shape - Group","hd":false},{"ty":"fl","c":{"a":0,"k":[0.995999983245,0.486000001197,0.596000043084,1],"ix":4},"o":{"a":0,"k":100,"ix":5},"r":1,"bm":0,"nm":"Fill 1","mn":"ADBE Vector Graphic - Fill","hd":false},{"ty":"tr","p":{"a":0,"k":[375.372,240.651],"ix":2},"a":{"a":0,"k":[0,0],"ix":1},"s":{"a":0,"k":[100,100],"ix":3},"r":{"a":0,"k":0,"ix":6},"o":{"a":0,"k":100,"ix":7},"sk":{"a":0,"k":0,"ix":4},"sa":{"a":0,"k":0,"ix":5},"nm":"Transform"}],"nm":"Group 1","np":4,"cix":2,"bm":0,"ix":1,"mn":"ADBE Vector Group","hd":false}],"ip":0,"op":300,"st":0,"bm":0},{"ddd":0,"ind":3,"ty":4,"nm":"Layer 3 Outlines","sr":1,"ks":{"o":{"a":0,"k":100,"ix":11},"r":{"a":0,"k":0,"ix":10},"p":{"a":0,"k":[638.143,471.286,0],"ix":2},"a":{"a":0,"k":[349.107,234.25,0],"ix":1},"s":{"a":0,"k":[100,100,100],"ix":6}},"ao":0,"shapes":[{"ty":"gr","it":[{"ind":0,"ty":"sh","ix":1,"ks":{"a":0,"k":{"i":[[0,0],[-136.286,-36],[-57.429,17.142],[-23.143,-28.286],[-67.714,-9.428],[0,0],[-67.714,-68.244],[0,0],[-0.857,-62.572],[87.428,23.143],[0,0],[0,0],[0,0],[0,0],[0,0],[0,0],[0,0],[0,0],[0,0],[0,0],[0,0],[0,0],[0,0],[0,0]],"o":[[-18,-26.571],[0,0],[57.428,-17.143],[0,0],[67.714,9.429],[0,0],[67.714,68.244],[0,0],[0.857,62.571],[0,0],[0,0],[0,0],[0,0],[0,0],[0,0],[0,0],[0,0],[0,0],[0,0],[0,0],[0,0],[0,0],[0,0],[0,0]],"v":[[-276.857,1.714],[-147.428,-137.143],[-99.428,-210.857],[-0.857,-177.429],[90.857,-224.572],[134.855,-111.959],[245.143,-111.959],[217.715,12],[348,78],[219.429,150.857],[196.286,204.857],[136.286,198.857],[99.429,221.143],[38.571,234],[0,222.857],[-99.428,222],[-144.857,203.143],[-192,203.143],[-226.286,159.428],[-285.645,149.143],[-348.857,109.714],[-348.857,62.571],[-319.714,26.233],[-301.714,13.714]],"c":true},"ix":2},"nm":"Path 1","mn":"ADBE Vector Shape - Group","hd":false},{"ty":"fl","c":{"a":0,"k":[1,0.592000026329,0.651000019148,1],"ix":4},"o":{"a":0,"k":100,"ix":5},"r":1,"bm":0,"nm":"Fill 1","mn":"ADBE Vector Graphic - Fill","hd":false},{"ty":"tr","p":{"a":0,"k":[349.107,234.25],"ix":2},"a":{"a":0,"k":[0,0],"ix":1},"s":{"a":0,"k":[100,100],"ix":3},"r":{"a":0,"k":0,"ix":6},"o":{"a":0,"k":100,"ix":7},"sk":{"a":0,"k":0,"ix":4},"sa":{"a":0,"k":0,"ix":5},"nm":"Transform"}],"nm":"Group 1","np":4,"cix":2,"bm":0,"ix":1,"mn":"ADBE Vector Group","hd":false}],"ip":0,"op":300,"st":0,"bm":0}]}],"layers":[{"ddd":0,"ind":1,"ty":4,"nm":"question small Outlines","parent":7,"sr":1,"ks":{"o":{"a":0,"k":100,"ix":11},"r":{"a":1,"k":[{"i":{"x":[0.667],"y":[1]},"o":{"x":[0.333],"y":[0]},"t":160,"s":[80]},{"t":180,"s":[0]}],"ix":10},"p":{"a":0,"k":[938.721,399.822,0],"ix":2},"a":{"a":0,"k":[4.856,67.863,0],"ix":1},"s":{"a":1,"k":[{"i":{"x":[0.667,0.667,0.667],"y":[1,1,1]},"o":{"x":[0.333,0.333,0.333],"y":[0,0,0]},"t":160,"s":[0,0,100]},{"t":180,"s":[100,100,100]}],"ix":6}},"ao":0,"shapes":[{"ty":"gr","it":[{"ind":0,"ty":"sh","ix":1,"ks":{"a":0,"k":{"i":[[0.7,-2.636],[-1.819,-0.429],[-2.192,1.729],[-6.515,0.666],[-5.838,11.281],[5.231,6.774],[6.535,0.273],[2.864,-1.422],[-2.691,-5.96],[-1.922,-0.492],[-3.13,1.317],[-1.837,-5.325],[0.59,-1.379],[6.86,-1.325],[6.609,-7.075]],"o":[[-0.571,2.155],[3.271,0.771],[5.251,-4.142],[11.364,-1.163],[4.004,-7.74],[-3.972,-5.145],[-3.194,-0.133],[-4.64,2.304],[0.82,1.815],[3.766,0.966],[4.674,-1.968],[0.489,1.418],[-3.365,7.87],[-9.269,1.792],[-1.344,1.438]],"v":[[-31.235,24.962],[-28.177,28.682],[-20.773,24.11],[-2.74,18.016],[27.802,3.521],[25.042,-20.546],[8.521,-29.32],[-0.729,-27.354],[-10.331,-12.31],[-5.49,-8.411],[3.709,-11.745],[18.214,-6.625],[17.958,-2.273],[-1.323,6.242],[-25.703,17.711]],"c":true},"ix":2},"nm":"Path 1","mn":"ADBE Vector Shape - Group","hd":false},{"ty":"fl","c":{"a":0,"k":[0.152999997606,0,0,1],"ix":4},"o":{"a":0,"k":100,"ix":5},"r":1,"bm":0,"nm":"Fill 1","mn":"ADBE Vector Graphic - Fill","hd":false},{"ty":"tr","p":{"a":0,"k":[44.963,29.704],"ix":2},"a":{"a":0,"k":[0,0],"ix":1},"s":{"a":0,"k":[100,100],"ix":3},"r":{"a":0,"k":0,"ix":6},"o":{"a":0,"k":100,"ix":7},"sk":{"a":0,"k":0,"ix":4},"sa":{"a":0,"k":0,"ix":5},"nm":"Transform"}],"nm":"Group 1","np":4,"cix":2,"bm":0,"ix":1,"mn":"ADBE Vector Group","hd":false},{"ty":"gr","it":[{"ind":0,"ty":"sh","ix":1,"ks":{"a":0,"k":{"i":[[1.275,-2.532],[2.533,1.275],[-1.275,2.532],[-2.532,-1.275]],"o":[[-1.274,2.532],[-2.531,-1.276],[1.275,-2.532],[2.532,1.275]],"v":[[4.584,2.308],[-2.309,4.584],[-4.584,-2.308],[2.309,-4.584]],"c":true},"ix":2},"nm":"Path 1","mn":"ADBE Vector Shape - Group","hd":false},{"ty":"fl","c":{"a":0,"k":[0.152999997606,0,0,1],"ix":4},"o":{"a":0,"k":100,"ix":5},"r":1,"bm":0,"nm":"Fill 1","mn":"ADBE Vector Graphic - Fill","hd":false},{"ty":"tr","p":{"a":0,"k":[6.109,67.116],"ix":2},"a":{"a":0,"k":[0,0],"ix":1},"s":{"a":0,"k":[100,100],"ix":3},"r":{"a":0,"k":0,"ix":6},"o":{"a":0,"k":100,"ix":7},"sk":{"a":0,"k":0,"ix":4},"sa":{"a":0,"k":0,"ix":5},"nm":"Transform"}],"nm":"Group 2","np":4,"cix":2,"bm":0,"ix":2,"mn":"ADBE Vector Group","hd":false}],"ip":0,"op":300,"st":0,"bm":0},{"ddd":0,"ind":2,"ty":4,"nm":"question big Outlines","parent":7,"sr":1,"ks":{"o":{"a":0,"k":100,"ix":11},"r":{"a":1,"k":[{"i":{"x":[0.667],"y":[1]},"o":{"x":[0.333],"y":[0]},"t":150,"s":[80]},{"t":170,"s":[0]}],"ix":10},"p":{"a":0,"k":[923.116,344.376,0],"ix":2},"a":{"a":0,"k":[8.394,137.96,0],"ix":1},"s":{"a":1,"k":[{"i":{"x":[0.667,0.667,0.667],"y":[1,1,1]},"o":{"x":[0.333,0.333,0.333],"y":[0,0,0]},"t":150,"s":[0,0,100]},{"t":170,"s":[100,100,100]}],"ix":6}},"ao":0,"shapes":[{"ty":"gr","it":[{"ind":0,"ty":"sh","ix":1,"ks":{"a":0,"k":{"i":[[-0.356,-4.693],[-3.207,0.335],[-2.588,4.062],[-10.236,4.787],[-3.102,21.699],[12.372,8.065],[10.804,-3.269],[3.859,-3.945],[-7.771,-8.182],[-3.411,0.289],[-4.352,3.925],[-6.019,-7.632],[0.176,-2.582],[10.424,-6.057],[6.749,-15.283]],"o":[[0.293,3.835],[5.769,-0.601],[6.203,-9.732],[17.856,-8.351],[2.129,-14.885],[-9.397,-6.126],[-5.281,1.598],[-6.252,6.39],[2.368,2.493],[6.684,-0.565],[6.497,-5.86],[1.602,2.033],[-1.013,14.735],[-14.086,8.186],[-1.372,3.106]],"v":[[-42.893,54.823],[-35.796,59.145],[-26.329,47.491],[-0.408,27.315],[41.121,-13.657],[22.951,-51.301],[-8.955,-56.212],[-22.908,-47.753],[-30.007,-17.785],[-19.902,-14.181],[-6.809,-24.844],[19.736,-24.74],[21.79,-17.501],[-4.788,7.324],[-37.997,39.864]],"c":true},"ix":2},"nm":"Path 1","mn":"ADBE Vector Shape - Group","hd":false},{"ty":"fl","c":{"a":0,"k":[0.322000002394,0.791999966491,1,1],"ix":4},"o":{"a":0,"k":100,"ix":5},"r":1,"bm":0,"nm":"Fill 1","mn":"ADBE Vector Graphic - Fill","hd":false},{"ty":"tr","p":{"a":0,"k":[57.903,59.731],"ix":2},"a":{"a":0,"k":[0,0],"ix":1},"s":{"a":0,"k":[100,100],"ix":3},"r":{"a":0,"k":0,"ix":6},"o":{"a":0,"k":100,"ix":7},"sk":{"a":0,"k":0,"ix":4},"sa":{"a":0,"k":0,"ix":5},"nm":"Transform"}],"nm":"Group 1","np":4,"cix":2,"bm":0,"ix":1,"mn":"ADBE Vector Group","hd":false},{"ty":"gr","it":[{"ind":0,"ty":"sh","ix":1,"ks":{"a":0,"k":{"i":[[0.64,-4.85],[4.849,0.639],[-0.639,4.85],[-4.85,-0.64]],"o":[[-0.64,4.85],[-4.85,-0.639],[0.639,-4.85],[4.85,0.639]],"v":[[8.781,1.157],[-1.158,8.781],[-8.781,-1.157],[1.157,-8.781]],"c":true},"ix":2},"nm":"Path 1","mn":"ADBE Vector Shape - Group","hd":false},{"ty":"fl","c":{"a":0,"k":[0.322000002394,0.791999966491,1,1],"ix":4},"o":{"a":0,"k":100,"ix":5},"r":1,"bm":0,"nm":"Fill 1","mn":"ADBE Vector Graphic - Fill","hd":false},{"ty":"tr","p":{"a":0,"k":[9.67,139.167],"ix":2},"a":{"a":0,"k":[0,0],"ix":1},"s":{"a":0,"k":[100,100],"ix":3},"r":{"a":0,"k":0,"ix":6},"o":{"a":0,"k":100,"ix":7},"sk":{"a":0,"k":0,"ix":4},"sa":{"a":0,"k":0,"ix":5},"nm":"Transform"}],"nm":"Group 2","np":4,"cix":2,"bm":0,"ix":2,"mn":"ADBE Vector Group","hd":false}],"ip":0,"op":300,"st":0,"bm":0},{"ddd":0,"ind":3,"ty":4,"nm":"mouth with cheaks Outlines","parent":7,"sr":1,"ks":{"o":{"a":1,"k":[{"i":{"x":[0.667],"y":[1]},"o":{"x":[0.333],"y":[0]},"t":90,"s":[0]},{"t":113,"s":[100]}],"ix":11},"r":{"a":0,"k":0,"ix":10},"p":{"a":0,"k":[636.962,591.383,0],"ix":2},"a":{"a":0,"k":[126.145,26.96,0],"ix":1},"s":{"a":0,"k":[100,100,100],"ix":6}},"ao":0,"shapes":[{"ty":"gr","it":[{"ind":0,"ty":"sh","ix":1,"ks":{"a":0,"k":{"i":[[-1.836,-13.008],[18.515,-2.612],[1.836,13.008],[-18.515,2.613]],"o":[[1.835,13.007],[-18.515,2.613],[-1.836,-13.008],[18.515,-2.614]],"v":[[33.526,-4.731],[3.324,23.553],[-33.525,4.732],[-3.323,-23.551]],"c":true},"ix":2},"nm":"Path 1","mn":"ADBE Vector Shape - Group","hd":false},{"ty":"fl","c":{"a":0,"k":[0.991999966491,0.255000005984,0.451000019148,1],"ix":4},"o":{"a":0,"k":100,"ix":5},"r":1,"bm":0,"nm":"Fill 1","mn":"ADBE Vector Graphic - Fill","hd":false},{"ty":"tr","p":{"a":0,"k":[35.61,27.505],"ix":2},"a":{"a":0,"k":[0,0],"ix":1},"s":{"a":0,"k":[100,100],"ix":3},"r":{"a":0,"k":0,"ix":6},"o":{"a":0,"k":100,"ix":7},"sk":{"a":0,"k":0,"ix":4},"sa":{"a":0,"k":0,"ix":5},"nm":"Transform"}],"nm":"Group 1","np":4,"cix":2,"bm":0,"ix":1,"mn":"ADBE Vector Group","hd":false},{"ty":"gr","it":[{"ind":0,"ty":"sh","ix":1,"ks":{"a":0,"k":{"i":[[0,-13.137],[18.581,0],[0,13.137],[-18.58,0]],"o":[[0,13.137],[-18.58,0],[0,-13.137],[18.581,0]],"v":[[33.643,0],[-0.001,23.785],[-33.643,0],[-0.001,-23.785]],"c":true},"ix":2},"nm":"Path 1","mn":"ADBE Vector Shape - Group","hd":false},{"ty":"fl","c":{"a":0,"k":[0.991999966491,0.255000005984,0.451000019148,1],"ix":4},"o":{"a":0,"k":100,"ix":5},"r":1,"bm":0,"nm":"Fill 1","mn":"ADBE Vector Graphic - Fill","hd":false},{"ty":"tr","p":{"a":0,"k":[218.397,27.505],"ix":2},"a":{"a":0,"k":[0,0],"ix":1},"s":{"a":0,"k":[100,100],"ix":3},"r":{"a":0,"k":0,"ix":6},"o":{"a":0,"k":100,"ix":7},"sk":{"a":0,"k":0,"ix":4},"sa":{"a":0,"k":0,"ix":5},"nm":"Transform"}],"nm":"Group 2","np":4,"cix":2,"bm":0,"ix":2,"mn":"ADBE Vector Group","hd":false},{"ty":"gr","it":[{"ind":0,"ty":"sh","ix":1,"ks":{"a":1,"k":[{"i":{"x":0.667,"y":1},"o":{"x":0.333,"y":0},"t":120,"s":[{"i":[[0,0],[-7.577,13.713]],"o":[[14.732,11.523],[0,0]],"v":[[-21.491,1.355],[21.491,-1.355]],"c":false}]},{"t":150,"s":[{"i":[[0,0],[0,0]],"o":[[0,0],[0,0]],"v":[[-21.491,1.355],[21.491,-1.355]],"c":false}]}],"ix":2},"nm":"Path 1","mn":"ADBE Vector Shape - Group","hd":false},{"ty":"st","c":{"a":0,"k":[0.184000007779,0.004000000393,0.004000000393,1],"ix":3},"o":{"a":0,"k":100,"ix":4},"w":{"a":0,"k":12,"ix":5},"lc":2,"lj":1,"ml":10,"bm":0,"nm":"Stroke 1","mn":"ADBE Vector Graphic - Stroke","hd":false},{"ty":"tr","p":{"a":0,"k":[126.807,7.355],"ix":2},"a":{"a":0,"k":[0,0],"ix":1},"s":{"a":0,"k":[100,100],"ix":3},"r":{"a":0,"k":0,"ix":6},"o":{"a":0,"k":100,"ix":7},"sk":{"a":0,"k":0,"ix":4},"sa":{"a":0,"k":0,"ix":5},"nm":"Transform"}],"nm":"Group 3","np":2,"cix":2,"bm":0,"ix":3,"mn":"ADBE Vector Group","hd":false}],"ip":0,"op":300,"st":0,"bm":0},{"ddd":0,"ind":4,"ty":4,"nm":"eyes Outlines","parent":7,"sr":1,"ks":{"o":{"a":0,"k":100,"ix":11},"r":{"a":0,"k":0,"ix":10},"p":{"a":0,"k":[637.325,535.261,0],"ix":2},"a":{"a":0,"k":[130.354,40.854,0],"ix":1},"s":{"a":0,"k":[100,100,100],"ix":6}},"ao":0,"shapes":[{"ty":"gr","it":[{"ty":"gr","it":[{"ind":0,"ty":"sh","ix":1,"ks":{"a":0,"k":{"i":[[0,-7.22],[7.219,0],[0,7.219],[-7.219,0]],"o":[[0,7.219],[-7.219,0],[0,-7.22],[7.219,0]],"v":[[13.072,0],[0,13.072],[-13.072,0],[0,-13.072]],"c":true},"ix":2},"nm":"Path 1","mn":"ADBE Vector Shape - Group","hd":false},{"ty":"fl","c":{"a":0,"k":[1,1,1,1],"ix":4},"o":{"a":0,"k":100,"ix":5},"r":1,"bm":0,"nm":"Fill 1","mn":"ADBE Vector Graphic - Fill","hd":false},{"ty":"tr","p":{"a":0,"k":[232.925,25.949],"ix":2},"a":{"a":0,"k":[0,0],"ix":1},"s":{"a":0,"k":[100,100],"ix":3},"r":{"a":0,"k":0,"ix":6},"o":{"a":0,"k":100,"ix":7},"sk":{"a":0,"k":0,"ix":4},"sa":{"a":0,"k":0,"ix":5},"nm":"Transform"}],"nm":"Group 1","np":4,"cix":2,"bm":0,"ix":1,"mn":"ADBE Vector Group","hd":false},{"ty":"gr","it":[{"ind":0,"ty":"sh","ix":1,"ks":{"a":0,"k":{"i":[[0,-14.767],[14.766,0],[0,14.767],[-14.767,0]],"o":[[0,14.767],[-14.767,0],[0,-14.767],[14.766,0]],"v":[[26.738,0],[0.001,26.737],[-26.738,0],[0.001,-26.737]],"c":true},"ix":2},"nm":"Path 1","mn":"ADBE Vector Shape - Group","hd":false},{"ty":"fl","c":{"a":0,"k":[0.19199999641,0.004000000393,0.004000000393,1],"ix":4},"o":{"a":0,"k":100,"ix":5},"r":1,"bm":0,"nm":"Fill 1","mn":"ADBE Vector Graphic - Fill","hd":false},{"ty":"tr","p":{"a":0,"k":[218.853,39.615],"ix":2},"a":{"a":0,"k":[0,0],"ix":1},"s":{"a":1,"k":[{"i":{"x":[0.667,0.667],"y":[1,1]},"o":{"x":[0.333,0.333],"y":[0,0]},"t":75,"s":[100,100]},{"i":{"x":[0.667,0.667],"y":[1,1]},"o":{"x":[0.333,0.333],"y":[0,0]},"t":77,"s":[0,0]},{"i":{"x":[0.667,0.667],"y":[1,1]},"o":{"x":[0.333,0.333],"y":[0,0]},"t":79,"s":[100,100]},{"i":{"x":[0.667,0.667],"y":[1,1]},"o":{"x":[0.333,0.333],"y":[0,0]},"t":105,"s":[100,100]},{"i":{"x":[0.667,0.667],"y":[1,1]},"o":{"x":[0.333,0.333],"y":[0,0]},"t":107,"s":[0,0]},{"i":{"x":[0.667,0.667],"y":[1,1]},"o":{"x":[0.333,0.333],"y":[0,0]},"t":109,"s":[100,100]},{"i":{"x":[0.667,0.667],"y":[1,1]},"o":{"x":[0.333,0.333],"y":[0,0]},"t":180,"s":[100,100]},{"i":{"x":[0.667,0.667],"y":[1,1]},"o":{"x":[0.333,0.333],"y":[0,0]},"t":182,"s":[0,0]},{"i":{"x":[0.667,0.667],"y":[1,1]},"o":{"x":[0.167,0.167],"y":[0,0]},"t":184,"s":[100,100]},{"i":{"x":[0.667,0.667],"y":[1,1]},"o":{"x":[0.333,0.333],"y":[0,0]},"t":225,"s":[100,100]},{"i":{"x":[0.667,0.667],"y":[1,1]},"o":{"x":[0.333,0.333],"y":[0,0]},"t":227,"s":[0,0]},{"t":229,"s":[100,100]}],"ix":3},"r":{"a":0,"k":0,"ix":6},"o":{"a":0,"k":100,"ix":7},"sk":{"a":0,"k":0,"ix":4},"sa":{"a":0,"k":0,"ix":5},"nm":"Transform"}],"nm":"Group 2","np":4,"cix":2,"bm":0,"ix":2,"mn":"ADBE Vector Group","hd":false},{"ty":"gr","it":[{"ind":0,"ty":"sh","ix":1,"ks":{"a":0,"k":{"i":[[0,-22.424],[22.425,0],[0,22.425],[-22.424,0]],"o":[[0,22.425],[-22.424,0],[0,-22.424],[22.425,0]],"v":[[40.604,-0.001],[-0.001,40.604],[-40.604,-0.001],[-0.001,-40.604]],"c":true},"ix":2},"nm":"Path 1","mn":"ADBE Vector Shape - Group","hd":false},{"ty":"fl","c":{"a":0,"k":[1,1,1,1],"ix":4},"o":{"a":0,"k":100,"ix":5},"r":1,"bm":0,"nm":"Fill 1","mn":"ADBE Vector Graphic - Fill","hd":false},{"ty":"tr","p":{"a":0,"k":[219.854,40.854],"ix":2},"a":{"a":0,"k":[0,0],"ix":1},"s":{"a":0,"k":[100,100],"ix":3},"r":{"a":0,"k":0,"ix":6},"o":{"a":0,"k":100,"ix":7},"sk":{"a":0,"k":0,"ix":4},"sa":{"a":0,"k":0,"ix":5},"nm":"Transform"}],"nm":"Group 3","np":4,"cix":2,"bm":0,"ix":3,"mn":"ADBE Vector Group","hd":false},{"ty":"tr","p":{"a":0,"k":[217.644,39.467],"ix":2},"a":{"a":0,"k":[217.644,39.467],"ix":1},"s":{"a":1,"k":[{"i":{"x":[0.091,0.091],"y":[1.301,1.301]},"o":{"x":[1,1],"y":[0.006,0.006]},"t":60,"s":[0,0]},{"t":75,"s":[100,100]}],"ix":3},"r":{"a":0,"k":0,"ix":6},"o":{"a":0,"k":100,"ix":7},"sk":{"a":0,"k":0,"ix":4},"sa":{"a":0,"k":0,"ix":5},"nm":"Transform"}],"nm":"Group 7","np":3,"cix":2,"bm":0,"ix":1,"mn":"ADBE Vector Group","hd":false},{"ty":"gr","it":[{"ty":"gr","it":[{"ind":0,"ty":"sh","ix":1,"ks":{"a":0,"k":{"i":[[0,-7.22],[7.219,0],[0,7.219],[-7.219,0]],"o":[[0,7.219],[-7.219,0],[0,-7.22],[7.219,0]],"v":[[13.072,0],[-0.001,13.072],[-13.072,0],[-0.001,-13.072]],"c":true},"ix":2},"nm":"Path 1","mn":"ADBE Vector Shape - Group","hd":false},{"ty":"fl","c":{"a":0,"k":[1,1,1,1],"ix":4},"o":{"a":0,"k":100,"ix":5},"r":1,"bm":0,"nm":"Fill 1","mn":"ADBE Vector Graphic - Fill","hd":false},{"ty":"tr","p":{"a":0,"k":[53.925,25.949],"ix":2},"a":{"a":0,"k":[0,0],"ix":1},"s":{"a":0,"k":[100,100],"ix":3},"r":{"a":0,"k":0,"ix":6},"o":{"a":0,"k":100,"ix":7},"sk":{"a":0,"k":0,"ix":4},"sa":{"a":0,"k":0,"ix":5},"nm":"Transform"}],"nm":"Group 4","np":4,"cix":2,"bm":0,"ix":1,"mn":"ADBE Vector Group","hd":false},{"ty":"gr","it":[{"ind":0,"ty":"sh","ix":1,"ks":{"a":0,"k":{"i":[[0,-14.767],[14.767,0],[0,14.767],[-14.766,0]],"o":[[0,14.767],[-14.766,0],[0,-14.767],[14.767,0]],"v":[[26.738,0],[0,26.737],[-26.738,0],[0,-26.737]],"c":true},"ix":2},"nm":"Path 1","mn":"ADBE Vector Shape - Group","hd":false},{"ty":"fl","c":{"a":0,"k":[0.19199999641,0.004000000393,0.004000000393,1],"ix":4},"o":{"a":0,"k":100,"ix":5},"r":1,"bm":0,"nm":"Fill 1","mn":"ADBE Vector Graphic - Fill","hd":false},{"ty":"tr","p":{"a":0,"k":[39.853,39.615],"ix":2},"a":{"a":0,"k":[0,0],"ix":1},"s":{"a":1,"k":[{"i":{"x":[0.667,0.667],"y":[1,1]},"o":{"x":[0.333,0.333],"y":[0,0]},"t":75,"s":[100,100]},{"i":{"x":[0.667,0.667],"y":[1,1]},"o":{"x":[0.333,0.333],"y":[0,0]},"t":77,"s":[0,0]},{"i":{"x":[0.667,0.667],"y":[1,1]},"o":{"x":[0.333,0.333],"y":[0,0]},"t":79,"s":[100,100]},{"i":{"x":[0.667,0.667],"y":[1,1]},"o":{"x":[0.333,0.333],"y":[0,0]},"t":105,"s":[100,100]},{"i":{"x":[0.667,0.667],"y":[1,1]},"o":{"x":[0.333,0.333],"y":[0,0]},"t":107,"s":[0,0]},{"i":{"x":[0.667,0.667],"y":[1,1]},"o":{"x":[0.333,0.333],"y":[0,0]},"t":109,"s":[100,100]},{"i":{"x":[0.667,0.667],"y":[1,1]},"o":{"x":[0.333,0.333],"y":[0,0]},"t":180,"s":[100,100]},{"i":{"x":[0.667,0.667],"y":[1,1]},"o":{"x":[0.333,0.333],"y":[0,0]},"t":182,"s":[0,0]},{"i":{"x":[0.667,0.667],"y":[1,1]},"o":{"x":[0.167,0.167],"y":[0,0]},"t":184,"s":[100,100]},{"i":{"x":[0.667,0.667],"y":[1,1]},"o":{"x":[0.333,0.333],"y":[0,0]},"t":225,"s":[100,100]},{"i":{"x":[0.667,0.667],"y":[1,1]},"o":{"x":[0.333,0.333],"y":[0,0]},"t":227,"s":[0,0]},{"t":229,"s":[100,100]}],"ix":3},"r":{"a":0,"k":0,"ix":6},"o":{"a":0,"k":100,"ix":7},"sk":{"a":0,"k":0,"ix":4},"sa":{"a":0,"k":0,"ix":5},"nm":"Transform"}],"nm":"Group 5","np":4,"cix":2,"bm":0,"ix":2,"mn":"ADBE Vector Group","hd":false},{"ty":"gr","it":[{"ind":0,"ty":"sh","ix":1,"ks":{"a":0,"k":{"i":[[0,-22.424],[22.425,0],[0,22.425],[-22.424,0]],"o":[[0,22.425],[-22.424,0],[0,-22.424],[22.425,0]],"v":[[40.604,-0.001],[-0.001,40.604],[-40.604,-0.001],[-0.001,-40.604]],"c":true},"ix":2},"nm":"Path 1","mn":"ADBE Vector Shape - Group","hd":false},{"ty":"fl","c":{"a":0,"k":[1,1,1,1],"ix":4},"o":{"a":0,"k":100,"ix":5},"r":1,"bm":0,"nm":"Fill 1","mn":"ADBE Vector Graphic - Fill","hd":false},{"ty":"tr","p":{"a":0,"k":[40.854,40.854],"ix":2},"a":{"a":0,"k":[0,0],"ix":1},"s":{"a":0,"k":[100,100],"ix":3},"r":{"a":0,"k":0,"ix":6},"o":{"a":0,"k":100,"ix":7},"sk":{"a":0,"k":0,"ix":4},"sa":{"a":0,"k":0,"ix":5},"nm":"Transform"}],"nm":"Group 6","np":4,"cix":2,"bm":0,"ix":3,"mn":"ADBE Vector Group","hd":false},{"ty":"tr","p":{"a":0,"k":[38.798,39.467],"ix":2},"a":{"a":0,"k":[38.798,39.467],"ix":1},"s":{"a":1,"k":[{"i":{"x":[0.091,0.091],"y":[1.301,1.301]},"o":{"x":[1,1],"y":[0.006,0.006]},"t":60,"s":[0,0]},{"t":75,"s":[100,100]}],"ix":3},"r":{"a":0,"k":0,"ix":6},"o":{"a":0,"k":100,"ix":7},"sk":{"a":0,"k":0,"ix":4},"sa":{"a":0,"k":0,"ix":5},"nm":"Transform"}],"nm":"Group 8","np":3,"cix":2,"bm":0,"ix":2,"mn":"ADBE Vector Group","hd":false}],"ip":0,"op":300,"st":0,"bm":0},{"ddd":0,"ind":5,"ty":4,"nm":"hand l Outlines","parent":7,"sr":1,"ks":{"o":{"a":0,"k":100,"ix":11},"r":{"a":1,"k":[{"i":{"x":[0.667],"y":[1]},"o":{"x":[0.333],"y":[0]},"t":120,"s":[117]},{"t":150,"s":[0]}],"ix":10},"p":{"a":0,"k":[512.919,645.541,0],"ix":2},"a":{"a":0,"k":[17.348,36.316,0],"ix":1},"s":{"a":1,"k":[{"i":{"x":[0,0,0.667],"y":[1.235,1.235,1]},"o":{"x":[0.963,0.963,0.333],"y":[0.024,0.024,0]},"t":90,"s":[0,0,100]},{"t":105,"s":[100,100,100]}],"ix":6}},"ao":0,"shapes":[{"ty":"gr","it":[{"ind":0,"ty":"sh","ix":1,"ks":{"a":0,"k":{"i":[[-0.001,-0.001],[-0.608,0.017],[-2.491,0.781],[-0.851,7.971],[1.281,2.347],[4.72,-0.307],[4.068,-2.953],[2.214,-0.936],[0.249,-1.963],[-1.131,-2.179],[-1.91,-2.301],[-0.425,-0.239]],"o":[[0.519,0.436],[2.608,-0.069],[7.589,-2.379],[0.283,-2.659],[-2.307,-4.23],[-5.307,0.345],[-1.924,1.396],[-1.902,0.803],[-0.323,2.546],[1.366,2.629],[0.31,0.375],[2.458,1.386]],"v":[[-6.244,15.924],[-2.943,16.031],[4.772,14.792],[18.447,-1.913],[17.081,-9.693],[4.831,-16.054],[-8.566,-8.606],[-15.187,-7.856],[-18.407,-3.02],[-16.25,4.152],[-11.839,11.894],[-10.745,12.822]],"c":true},"ix":2},"nm":"Path 1","mn":"ADBE Vector Shape - Group","hd":false},{"ty":"fl","c":{"a":0,"k":[0.176000004189,0.004000000393,0,1],"ix":4},"o":{"a":0,"k":100,"ix":5},"r":1,"bm":0,"nm":"Fill 1","mn":"ADBE Vector Graphic - Fill","hd":false},{"ty":"tr","p":{"a":0,"k":[131.715,16.611],"ix":2},"a":{"a":0,"k":[0,0],"ix":1},"s":{"a":0,"k":[100,100],"ix":3},"r":{"a":0,"k":0,"ix":6},"o":{"a":0,"k":100,"ix":7},"sk":{"a":0,"k":0,"ix":4},"sa":{"a":0,"k":0,"ix":5},"nm":"Transform"}],"nm":"Group 1","np":4,"cix":2,"bm":0,"ix":1,"mn":"ADBE Vector Group","hd":false},{"ty":"gr","it":[{"ind":0,"ty":"sh","ix":1,"ks":{"a":0,"k":{"i":[[0,0],[-32.572,49.169]],"o":[[4.788,25.682],[0,0]],"v":[[-52.714,-12.987],[52.714,-24.585]],"c":false},"ix":2},"nm":"Path 1","mn":"ADBE Vector Shape - Group","hd":false},{"ty":"st","c":{"a":0,"k":[0.176000004189,0.004000000393,0,1],"ix":3},"o":{"a":0,"k":100,"ix":4},"w":{"a":0,"k":8,"ix":5},"lc":2,"lj":1,"ml":10,"bm":0,"nm":"Stroke 1","mn":"ADBE Vector Graphic - Stroke","hd":false},{"ty":"tr","p":{"a":0,"k":[72.714,52.047],"ix":2},"a":{"a":0,"k":[0,0],"ix":1},"s":{"a":0,"k":[100,100],"ix":3},"r":{"a":0,"k":0,"ix":6},"o":{"a":0,"k":100,"ix":7},"sk":{"a":0,"k":0,"ix":4},"sa":{"a":0,"k":0,"ix":5},"nm":"Transform"}],"nm":"Group 2","np":2,"cix":2,"bm":0,"ix":2,"mn":"ADBE Vector Group","hd":false}],"ip":0,"op":300,"st":0,"bm":0},{"ddd":0,"ind":6,"ty":4,"nm":"hand r Outlines","parent":7,"sr":1,"ks":{"o":{"a":0,"k":100,"ix":11},"r":{"a":0,"k":0,"ix":10},"p":{"a":0,"k":[779.824,645.003,0],"ix":2},"a":{"a":0,"k":[22.516,19.325,0],"ix":1},"s":{"a":1,"k":[{"i":{"x":[0.008,0.008,0.667],"y":[1.215,1.215,1]},"o":{"x":[0.964,0.964,0.333],"y":[0.009,0.009,0]},"t":90,"s":[0,0,100]},{"t":105,"s":[100,100,100]}],"ix":6}},"ao":0,"shapes":[{"ty":"gr","it":[{"ind":0,"ty":"sh","ix":1,"ks":{"a":0,"k":{"i":[[-0.003,0],[-0.497,-0.35],[-1.643,-2.029],[3.706,-7.108],[2.365,-1.245],[3.76,2.869],[1.753,4.712],[1.327,2.005],[-0.88,1.772],[-2.147,1.188],[-2.864,0.858],[-0.486,-0.036]],"o":[[0.673,-0.076],[2.132,1.502],[5.002,6.184],[-1.236,2.372],[-4.262,2.245],[-4.229,-3.226],[-0.828,-2.228],[-1.139,-1.722],[1.14,-2.299],[2.594,-1.435],[0.466,-0.14],[2.814,0.207]],"v":[[3.682,-18.208],[6.49,-16.47],[12.229,-11.167],[14.366,10.316],[8.921,16.039],[-4.801,14.553],[-11.835,0.934],[-16.933,-3.357],[-16.936,-9.166],[-11.17,-13.944],[-3.209,-17.95],[-1.784,-18.118]],"c":true},"ix":2},"nm":"Path 1","mn":"ADBE Vector Shape - Group","hd":false},{"ty":"fl","c":{"a":0,"k":[0.176000004189,0.004000000393,0,1],"ix":4},"o":{"a":0,"k":100,"ix":5},"r":1,"bm":0,"nm":"Fill 1","mn":"ADBE Vector Graphic - Fill","hd":false},{"ty":"tr","p":{"a":0,"k":[54.399,120.115],"ix":2},"a":{"a":0,"k":[0,0],"ix":1},"s":{"a":0,"k":[100,100],"ix":3},"r":{"a":0,"k":0,"ix":6},"o":{"a":0,"k":100,"ix":7},"sk":{"a":0,"k":0,"ix":4},"sa":{"a":0,"k":0,"ix":5},"nm":"Transform"}],"nm":"Group 1","np":4,"cix":2,"bm":0,"ix":1,"mn":"ADBE Vector Group","hd":false},{"ty":"gr","it":[{"ind":0,"ty":"sh","ix":1,"ks":{"a":0,"k":{"i":[[0,0],[6.857,-53.572]],"o":[[0,0],[0,0]],"v":[[-20.785,-42.429],[13.928,42.429]],"c":false},"ix":2},"nm":"Path 1","mn":"ADBE Vector Shape - Group","hd":false},{"ty":"st","c":{"a":0,"k":[0.176000004189,0.004000000393,0,1],"ix":3},"o":{"a":0,"k":100,"ix":4},"w":{"a":0,"k":8,"ix":5},"lc":2,"lj":1,"ml":10,"bm":0,"nm":"Stroke 1","mn":"ADBE Vector Graphic - Stroke","hd":false},{"ty":"tr","p":{"a":0,"k":[40.785,62.429],"ix":2},"a":{"a":0,"k":[0,0],"ix":1},"s":{"a":0,"k":[100,100],"ix":3},"r":{"a":0,"k":0,"ix":6},"o":{"a":0,"k":100,"ix":7},"sk":{"a":0,"k":0,"ix":4},"sa":{"a":0,"k":0,"ix":5},"nm":"Transform"}],"nm":"Group 2","np":2,"cix":2,"bm":0,"ix":2,"mn":"ADBE Vector Group","hd":false}],"ip":0,"op":300,"st":0,"bm":0},{"ddd":0,"ind":7,"ty":0,"nm":"brain","refId":"comp_0","sr":1,"ks":{"o":{"a":0,"k":100,"ix":11},"r":{"a":0,"k":0,"ix":10},"p":{"s":true,"x":{"a":0,"k":640,"ix":3},"y":{"a":1,"k":[{"i":{"x":[0.667],"y":[1]},"o":{"x":[0.333],"y":[0]},"t":0,"s":[-224]},{"i":{"x":[0.667],"y":[1]},"o":{"x":[0.333],"y":[0]},"t":15,"s":[580.8]},{"i":{"x":[0.667],"y":[1]},"o":{"x":[0.333],"y":[0]},"t":30,"s":[539.582]},{"i":{"x":[0.667],"y":[1]},"o":{"x":[0.333],"y":[0]},"t":45,"s":[580.8]},{"t":60,"s":[512]}],"ix":4}},"a":{"a":0,"k":[640,512,0],"ix":1},"s":{"a":1,"k":[{"i":{"x":[0.667,0.667,0.667],"y":[1,1,1]},"o":{"x":[0.333,0.333,0.333],"y":[0,0,0]},"t":0,"s":[100,100,100]},{"i":{"x":[0.667,0.667,0.667],"y":[1,1,1]},"o":{"x":[0.333,0.333,0.333],"y":[0,0,0]},"t":15,"s":[104,96,100]},{"i":{"x":[0.667,0.667,0.667],"y":[1,1,1]},"o":{"x":[0.333,0.333,0.333],"y":[0,0,0]},"t":30,"s":[100,100,100]},{"t":45,"s":[104,96,100]}],"ix":6}},"ao":0,"w":1280,"h":1024,"ip":0,"op":300,"st":0,"bm":0},{"ddd":0,"ind":8,"ty":4,"nm":"leg left Outlines","parent":7,"sr":1,"ks":{"o":{"a":0,"k":100,"ix":11},"r":{"a":0,"k":0,"ix":10},"p":{"a":0,"k":[564.83,717.899,0],"ix":2},"a":{"a":0,"k":[24.115,15.899,0],"ix":1},"s":{"a":1,"k":[{"i":{"x":[0.357,0.357,0.667],"y":[1.227,1.227,1]},"o":{"x":[0.696,0.696,0.333],"y":[-0.002,-0.002,0]},"t":45,"s":[0,0,100]},{"t":60,"s":[100,100,100]}],"ix":6}},"ao":0,"shapes":[{"ty":"gr","it":[{"ind":0,"ty":"sh","ix":1,"ks":{"a":0,"k":{"i":[[0,-5.473],[-11.095,0],[0,5.474],[11.095,0]],"o":[[0,5.474],[11.095,0],[0,-5.473],[-11.095,0]],"v":[[-20.785,1.464],[0.697,11.5],[20.785,1.589],[0.697,-11.5]],"c":true},"ix":2},"nm":"Path 1","mn":"ADBE Vector Shape - Group","hd":false},{"ty":"fl","c":{"a":0,"k":[0.184000007779,0.004000000393,0.004000000393,1],"ix":4},"o":{"a":0,"k":100,"ix":5},"r":1,"bm":0,"nm":"Fill 1","mn":"ADBE Vector Graphic - Fill","hd":false},{"ty":"tr","p":{"a":0,"k":[21.036,83.25],"ix":2},"a":{"a":0,"k":[0,0],"ix":1},"s":{"a":0,"k":[100,100],"ix":3},"r":{"a":0,"k":0,"ix":6},"o":{"a":0,"k":100,"ix":7},"sk":{"a":0,"k":0,"ix":4},"sa":{"a":0,"k":0,"ix":5},"nm":"Transform"}],"nm":"Group 1","np":4,"cix":2,"bm":0,"ix":1,"mn":"ADBE Vector Group","hd":false},{"ty":"gr","it":[{"ind":0,"ty":"sh","ix":1,"ks":{"a":0,"k":{"i":[[0,0],[6.294,-3.651]],"o":[[0,0],[0,0]],"v":[[-8.504,-32.357],[2.21,32.357]],"c":false},"ix":2},"nm":"Path 1","mn":"ADBE Vector Shape - Group","hd":false},{"ty":"st","c":{"a":0,"k":[0.184000007779,0.004000000393,0.004000000393,1],"ix":3},"o":{"a":0,"k":100,"ix":4},"w":{"a":0,"k":8,"ix":5},"lc":2,"lj":1,"ml":10,"bm":0,"nm":"Stroke 1","mn":"ADBE Vector Graphic - Stroke","hd":false},{"ty":"tr","p":{"a":0,"k":[35.111,52.357],"ix":2},"a":{"a":0,"k":[0,0],"ix":1},"s":{"a":0,"k":[100,100],"ix":3},"r":{"a":0,"k":0,"ix":6},"o":{"a":0,"k":100,"ix":7},"sk":{"a":0,"k":0,"ix":4},"sa":{"a":0,"k":0,"ix":5},"nm":"Transform"}],"nm":"Group 2","np":2,"cix":2,"bm":0,"ix":2,"mn":"ADBE Vector Group","hd":false}],"ip":0,"op":300,"st":0,"bm":0},{"ddd":0,"ind":9,"ty":4,"nm":"leg r Outlines","parent":7,"sr":1,"ks":{"o":{"a":0,"k":100,"ix":11},"r":{"a":0,"k":0,"ix":10},"p":{"a":0,"k":[692.125,714.774,0],"ix":2},"a":{"a":0,"k":[36.562,12.774,0],"ix":1},"s":{"a":1,"k":[{"i":{"x":[0.294,0.294,0.667],"y":[1.198,1.198,1]},"o":{"x":[0.74,0.74,0.333],"y":[0.011,0.011,0]},"t":45,"s":[0,0,100]},{"t":60,"s":[100,100,100]}],"ix":6}},"ao":0,"shapes":[{"ty":"gr","it":[{"ind":0,"ty":"sh","ix":1,"ks":{"a":0,"k":{"i":[[0,-5.474],[11.095,0],[0,5.474],[-11.095,0]],"o":[[0,5.474],[-11.095,0],[0,-5.472],[11.095,0]],"v":[[20.732,1.786],[-0.643,11.179],[-20.732,1.267],[-0.643,-11.179]],"c":true},"ix":2},"nm":"Path 1","mn":"ADBE Vector Shape - Group","hd":false},{"ty":"fl","c":{"a":0,"k":[0.184000007779,0.004000000393,0.004000000393,1],"ix":4},"o":{"a":0,"k":100,"ix":5},"r":1,"bm":0,"nm":"Fill 1","mn":"ADBE Vector Graphic - Fill","hd":false},{"ty":"tr","p":{"a":0,"k":[42.526,83.571],"ix":2},"a":{"a":0,"k":[0,0],"ix":1},"s":{"a":0,"k":[100,100],"ix":3},"r":{"a":0,"k":0,"ix":6},"o":{"a":0,"k":100,"ix":7},"sk":{"a":0,"k":0,"ix":4},"sa":{"a":0,"k":0,"ix":5},"nm":"Transform"}],"nm":"Group 1","np":4,"cix":2,"bm":0,"ix":1,"mn":"ADBE Vector Group","hd":false},{"ty":"gr","it":[{"ind":0,"ty":"sh","ix":1,"ks":{"a":0,"k":{"i":[[0,0],[-6.294,-3.651]],"o":[[0,0],[0,0]],"v":[[8.504,-32.357],[-2.21,32.357]],"c":false},"ix":2},"nm":"Path 1","mn":"ADBE Vector Shape - Group","hd":false},{"ty":"st","c":{"a":0,"k":[0.184000007779,0.004000000393,0.004000000393,1],"ix":3},"o":{"a":0,"k":100,"ix":4},"w":{"a":0,"k":8,"ix":5},"lc":2,"lj":1,"ml":10,"bm":0,"nm":"Stroke 1","mn":"ADBE Vector Graphic - Stroke","hd":false},{"ty":"tr","p":{"a":0,"k":[28.504,52.357],"ix":2},"a":{"a":0,"k":[0,0],"ix":1},"s":{"a":0,"k":[100,100],"ix":3},"r":{"a":0,"k":0,"ix":6},"o":{"a":0,"k":100,"ix":7},"sk":{"a":0,"k":0,"ix":4},"sa":{"a":0,"k":0,"ix":5},"nm":"Transform"}],"nm":"Group 2","np":2,"cix":2,"bm":0,"ix":2,"mn":"ADBE Vector Group","hd":false}],"ip":0,"op":300,"st":0,"bm":0},{"ddd":0,"ind":10,"ty":4,"nm":"bg Outlines","sr":1,"ks":{"o":{"a":0,"k":100,"ix":11},"r":{"a":0,"k":0,"ix":10},"p":{"a":0,"k":[627.327,796.75,0],"ix":2},"a":{"a":0,"k":[329.143,26.619,0],"ix":1},"s":{"a":0,"k":[100,100,100],"ix":6}},"ao":0,"shapes":[{"ty":"gr","it":[{"ind":0,"ty":"sh","ix":1,"ks":{"a":0,"k":{"i":[[0,-14.701],[181.781,0],[0,14.701],[-181.78,0]],"o":[[0,14.701],[-181.78,0],[0,-14.701],[181.781,0]],"v":[[329.143,0],[0,26.619],[-329.143,0],[0,-26.619]],"c":true},"ix":2},"nm":"Path 1","mn":"ADBE Vector Shape - Group","hd":false},{"ty":"fl","c":{"a":0,"k":[0.842999985639,0.764999988032,0.859000052658,1],"ix":4},"o":{"a":0,"k":100,"ix":5},"r":1,"bm":0,"nm":"Fill 1","mn":"ADBE Vector Graphic - Fill","hd":false},{"ty":"tr","p":{"a":0,"k":[329.143,26.619],"ix":2},"a":{"a":0,"k":[0,0],"ix":1},"s":{"a":0,"k":[100,100],"ix":3},"r":{"a":0,"k":0,"ix":6},"o":{"a":0,"k":100,"ix":7},"sk":{"a":0,"k":0,"ix":4},"sa":{"a":0,"k":0,"ix":5},"nm":"Transform"}],"nm":"Group 1","np":4,"cix":2,"bm":0,"ix":1,"mn":"ADBE Vector Group","hd":false}],"ip":0,"op":300,"st":0,"bm":0}],"markers":[]}